{
    "camera_matrix": [
        [
            1273.9985198738143,
            0.0,
            405.845075525543
        ],
        [
            0.0,
            1255.8182717376067,
            557.6372865748036
        ],
        [
            0.0,
            0.0,
            1.0
        ]
    ],
    "distortion_coefficients": [
        [
            -0.05528292855239099,
            -0.4065777668539648,
            -0.011543685918235316,
            0.0020010495852695676,
            0.365826857252086
        ]
    ],
    "rotation_vectors": [
        [
            [
                0.5028383775365101
            ],
            [
                0.3323815865578818
            ],
            [
                -0.18856464199671483
            ]
        ],
        [
            [
                0.5148645582950072
            ],
            [
                0.32863149497899197
            ],
            [
                -0.1819175626712088
            ]
        ],
        [
            [
                0.5119024903506407
            ],
            [
                0.3235261760679962
            ],
            [
                -0.17320319288351976
            ]
        ],
        [
            [
                0.49796546179222884
            ],
            [
                0.3270105885030895
            ],
            [
                -0.16636787993092136
            ]
        ],
        [
            [
                0.39680039667906125
            ],
            [
                0.33209144958925163
            ],
            [
                -0.13637832943244196
            ]
        ],
        [
            [
                -0.2353543682845264
            ],
            [
                0.4336252504014001
            ],
            [
                -0.0016543650339856698
            ]
        ],
        [
            [
                -0.3686728013081302
            ],
            [
                0.446803862360009
            ],
            [
                0.035512067591446955
            ]
        ],
        [
            [
                -0.42048420864123337
            ],
            [
                0.46716566953475996
            ],
            [
                0.04067021519654285
            ]
        ],
        [
            [
                -0.479852651992804
            ],
            [
                0.46487054837173053
            ],
            [
                0.05056691100848046
            ]
        ],
        [
            [
                -0.5403997469184832
            ],
            [
                0.47696776727280243
            ],
            [
                0.05820232668719822
            ]
        ],
        [
            [
                -0.6553326701071275
            ],
            [
                0.5041942846066056
            ],
            [
                0.07911389694873486
            ]
        ],
        [
            [
                -1.0478418439553185
            ],
            [
                0.5029928735067273
            ],
            [
                0.1550019823118113
            ]
        ],
        [
            [
                -0.46688281696605854
            ],
            [
                1.2691087316037128
            ],
            [
                1.496087120416933
            ]
        ],
        [
            [
                -0.46898696345832336
            ],
            [
                1.2749068176719003
            ],
            [
                1.4950093716647623
            ]
        ],
        [
            [
                -0.4686597567598737
            ],
            [
                1.2792201847520028
            ],
            [
                1.4947972694417455
            ]
        ],
        [
            [
                -0.4696043680473089
            ],
            [
                1.282488807516939
            ],
            [
                1.495322416264995
            ]
        ],
        [
            [
                -0.47251884532957306
            ],
            [
                1.2870674991618725
            ],
            [
                1.4941522823215214
            ]
        ],
        [
            [
                -0.4699198596246592
            ],
            [
                1.2862384464595413
            ],
            [
                1.494861705820312
            ]
        ],
        [
            [
                -1.1133280181750027
            ],
            [
                0.5165509516368652
            ],
            [
                0.14569574167947064
            ]
        ],
        [
            [
                -0.469640582273824
            ],
            [
                1.2875010638073277
            ],
            [
                1.493058807636422
            ]
        ],
        [
            [
                -0.47477762822962705
            ],
            [
                1.2857215556867432
            ],
            [
                1.4934102484553284
            ]
        ],
        [
            [
                -0.48212429357417785
            ],
            [
                1.2868584502105453
            ],
            [
                1.4927134428770736
            ]
        ],
        [
            [
                -0.4919592389469147
            ],
            [
                1.291312112738522
            ],
            [
                1.489086036463783
            ]
        ],
        [
            [
                -0.4952630054327352
            ],
            [
                1.293114136500591
            ],
            [
                1.4864660483124918
            ]
        ],
        [
            [
                -0.496995196997879
            ],
            [
                1.2939509524916464
            ],
            [
                1.4865264424595597
            ]
        ],
        [
            [
                -0.49608518681821884
            ],
            [
                1.297351934520136
            ],
            [
                1.4845702199002317
            ]
        ],
        [
            [
                -0.49556535232856835
            ],
            [
                1.301464545972763
            ],
            [
                1.4824892502099614
            ]
        ],
        [
            [
                -0.49678985541775267
            ],
            [
                1.3049252652410646
            ],
            [
                1.4812473538201394
            ]
        ],
        [
            [
                -0.4972158730744217
            ],
            [
                1.3073286524578613
            ],
            [
                1.480436875190295
            ]
        ],
        [
            [
                -0.5004404323917665
            ],
            [
                1.312799383007448
            ],
            [
                1.478109467616895
            ]
        ],
        [
            [
                -0.4978281931451426
            ],
            [
                1.3104982311294193
            ],
            [
                1.4793413494909893
            ]
        ],
        [
            [
                -0.4985395234912008
            ],
            [
                1.3122418393366635
            ],
            [
                1.478601566579941
            ]
        ],
        [
            [
                -0.5517128366640471
            ],
            [
                1.3639557044166624
            ],
            [
                1.45656186789334
            ]
        ]
    ],